{
  "low": {
    "0": 62.99693240142388,
    "2": 63.364436675448246,
    "4": 61.61611773463845,
    "6": 61.381185628647344
  },
  "medium": {
    "0": 77.42639665838564,
    "2": 77.69448841732138,
    "4": 76.70649721281553,
    "6": 76.42868752648371
  },
  "high": {
    "0": 85.86194190967112,
    "2": 85.58488559340448,
    "4": 85.4672141255031,
    "6": 84.38731362118546
  }
}